"Timestamp","Name","What is your age group","What is your Occupation?","Which type of area do you live in?

நீங்கள் எந்த வகையான பகுதியில் வசிக்கிறீர்கள்?
","Have you noticed overflowing garbage bins in your locality?

உங்கள் பகுதியில் குப்பை தொட்டிகள் நிரம்பி வழிவதை கவனித்தீர்களா?","Do you think how important about real-time monitoring of garbage levels to you?

குப்பை அளவை நிகழ்நேர கண்காணிப்பு உங்களுக்கு எவ்வளவு முக்கியம் என்று நினைக்கிறீர்களா?","Priority","Any additional comments or suggestions for our product idealogy"
"2024/08/30 8:12:32 AM GMT+5:30","dharanisri","Under 18","Student","Urban","Often (அடிக்கடி)","Very important","1","In future can u add some more updates to improve our country"
"2024/08/30 8:17:57 AM GMT+5:30","Kamalika","Under 18","Student","Urban","Often (அடிக்கடி)","Very important","1",""
"2024/08/30 8:25:58 AM GMT+5:30","Kim nirom","Under 18","Student","Urban","Often (அடிக்கடி)","Very important","1",""
"2024/08/30 8:26:36 AM GMT+5:30","Sharona","18-30","IT field worker","Urban","Often (அடிக்கடி)","Important","2",""
"2024/08/30 8:27:02 AM GMT+5:30","Kishore","18-30","Self-employed","Suburban","Sometimes","Important","2",""
"2024/08/30 8:27:47 AM GMT+5:30","Mico","18-30","Employed","Urban","Often (அடிக்கடி)","Very important","2",""
"2024/08/30 8:28:48 AM GMT+5:30","Gowtham","30-45","Self-employed","Urban","Often (அடிக்கடி)","Important","1",""
"2024/08/30 10:19:58 AM GMT+5:30","Kavita ","45-60","Social worker","Suburban","Often (அடிக்கடி)","Very important","1",""
"2024/08/30 10:20:46 AM GMT+5:30","Deepak","18-30","Employed","Suburban","Often (அடிக்கடி)","Very important","1","Very good Idea #1"
"2024/08/30 10:20:53 AM GMT+5:30","Dhanush ","18-30","Employed","Urban","Often (அடிக்கடி)","Very important","2",""
"2024/08/30 10:21:39 AM GMT+5:30","ganesh","30-45","IT field worker","Urban","Often (அடிக்கடி)","Very important","1","Nice Idea #2"
"2024/08/30 10:22:29 AM GMT+5:30","Karthi","Under 18","IT field worker","Urban","Often (அடிக்கடி)","Very important","1","Good Idea #3"
"2024/08/30 10:22:40 AM GMT+5:30","vivek","30-45","IT field worker","Urban","Often (அடிக்கடி)","Very important","2",""
"2024/08/30 10:23:07 AM GMT+5:30","vinoth","18-30","Employed","Urban","Sometimes","Very important","1",""
"2024/08/30 10:23:09 AM GMT+5:30","Mohamed","Under 18","IT field worker","Urban","Often (அடிக்கடி)","Very important","1","Good Idea #4"
"2024/08/30 10:23:31 AM GMT+5:30","kim","Under 18","Student","Urban","Sometimes","Important","2",""
"2024/08/30 10:24:09 AM GMT+5:30","immanuel","30-45","Self-employed","Urban","Often (அடிக்கடி)","Very important","1",""
"2024/08/30 10:24:13 AM GMT+5:30","Zenitsu","Under 18","Thunder Hashira","Urban","Often (அடிக்கடி)","Very important","1","I am hashira so useful #5"
"2024/08/30 10:24:35 AM GMT+5:30","dinesh","18-30","Employed","Urban","Sometimes","Important","4",""
"2024/08/30 10:25:34 AM GMT+5:30","RAJESH","18-30","Student","Urban","Often (அடிக்கடி)","Important","1",""
"2024/08/30 10:25:52 AM GMT+5:30","Tomaioka giyu","18-30","Water Hashira","Urban","Often (அடிக்கடி)","Very important","1","I will speak to kagaya Ubayashiki to buy your product #6"
"2024/08/30 10:26:09 AM GMT+5:30","hari","30-45","Social worker","Urban","Often (அடிக்கடி)","Very important","1",""
"2024/08/30 10:26:15 AM GMT+5:30","RAJESH","18-30","IT field worker","Suburban","Sometimes","Neutral","4",""
"2024/08/30 10:26:35 AM GMT+5:30","saravanan","30-45","IT field worker","Urban","Sometimes","Very important","3",""
"2024/08/30 10:27:04 AM GMT+5:30","fredy","Under 18","Student","Urban","Often (அடிக்கடி)","Important","4",""
"2024/08/30 10:27:11 AM GMT+5:30","Gyomei Himegima","30-45","Stone Hashira","Suburban","Often (அடிக்கடி)","Very important","1","I also want to say kagaya to buy your product #7"
"2024/08/30 10:27:38 AM GMT+5:30","nitish","18-30","Employed","Urban","Often (அடிக்கடி)","Very important","1",""
"2024/08/30 10:28:06 AM GMT+5:30","jijoo","18-30","Employed","Suburban","Sometimes","Important","1",""
"2024/08/30 10:28:33 AM GMT+5:30","barath","30-45","IT field worker","Urban","Often (அடிக்கடி)","Very important","1",""
"2024/08/30 10:28:45 AM GMT+5:30","Mui. Tokito","Under 18","Mist Hashira","Suburban","Often (அடிக்கடி)","Very important","1","I want to buy your product with giyu #8"
"2024/08/30 10:29:14 AM GMT+5:30","pinky","30-45","IT field worker","Urban","Sometimes","Important","2",""
"2024/08/30 10:30:23 AM GMT+5:30","Inosuke Hashibira","Under 18","Beast Hashira (or) Pig Hashira","Suburban","Often (அடிக்கடி)","Very important","1","I want buy your product for Aoi."
"2024/08/30 10:31:37 AM GMT+5:30","minju","18-30","Self-employed","Rural","Often (அடிக்கடி)","Very important","1",""
"2024/08/30 10:31:39 AM GMT+5:30","Shinobu Kochi","18-30","Wife of tomaioka","Suburban","Often (அடிக்கடி)","Very important","1","I want to buy for Tomaioka saan."
"2024/08/30 10:32:05 AM GMT+5:30","rohit","Under 18","Student","Urban","Often (அடிக்கடி)","Very important","1",""
"2024/08/30 11:21:49 AM GMT+5:30","Kanao Tsuyuri","Under 18","Student","Suburban","Often (அடிக்கடி)","Very important","1","I Good Idea for maintain everyone's peace"
"2024/08/30 11:22:41 AM GMT+5:30","Madan","18-30","Student","Urban","Often (அடிக்கடி)","Very important","1","Nice Idea and Product I want to buy it."
"2024/08/30 12:44:22 PM GMT+5:30","Ajay","30-45","Employed","Urban","Often (அடிக்கடி)","Very important","1","Very nice explanation and innovative idea keep it up really different "